/* table categories */
INSERT INTO categories (cat_id, cat_nom) VALUES (1, 'Guitares & Basses'), (2, 'Amplis & Effets'), (3, 'Claviers & Pianos'), (4, 'Synthés & Sampleurs'), (5, 'Home Studio'), (6, 'Casques'), (7, 'Micros & HF'), (8, 'Espace DJ'), (9, 'Eclairage'), (10, 'Batteries & Percu');
INSERT INTO categories (cat_id, cat_nom) VALUES (11, 'Violons & Quatuor'), (12, 'Câbles & Access.');

/* table soucateg */
INSERT INTO soucateg (soucat_id, soucat_nom, cat_id)
VALUES (1, 'Guitare Electrique', 1), (2, 'Guitare Acoustique', 1), (3, 'Guitare Classique', 1), (4, 'Basse Electrique', 1), (5, 'Basse Acoustique', 1), (6, 'Basse Classique', 1), (7, 'Autres instruments à cordes pincées', 1), (8, 'Ampli Guitare Electrique', 2), (9, 'Ampli Guitare Acoustique', 2), (10, 'Ampli Basse', 2);
INSERT INTO soucateg (soucat_id, soucat_nom, cat_id)
VALUES (11, 'Effets Guitare Electrique', 2), (12, 'Effets Guitare Acoustique', 2), (13, 'Effets Basse', 2), (14, 'Piano numérique', 3), (15, 'Clavier de scène', 3), (16, 'Clavier arrangeur', 3), (17, 'Accordéon & Melodica', 3), (18, 'Orgue & Clavecin', 3), (19, 'Synthétiseur', 4), (20, 'Workstation', 4);
INSERT INTO soucateg (soucat_id, soucat_nom, cat_id)
VALUES (21, 'Sampleur / Groovebox', 4), (22, 'Enceinte', 5), (23, 'Enregistreur', 5), (24, 'Carte son & interface audio', 5), (25, 'Casque Studio & DJ', 6), (26, 'Casque Hi-Fi', 6), (27, 'Micro Chant', 7), (28, 'Micro Smartphone', 7), (29, 'Accessoires Micro', 7), (30, 'Contrôleur & Logiciel DJ', 8);
INSERT INTO soucateg (soucat_id, soucat_nom, cat_id)
VALUES (31, 'Mixeur & Effets DJ', 8), (32, 'Accessoires DJ', 8), (33, 'Jeux de lumière', 9), (34, 'Projecteur', 9), (35, 'Laser', 9), (36, 'Eclairage de Scène', 9), (37, 'Batterie Acoustique', 10), (38, 'Batterie Electronique', 10), (39, 'Percussions', 10), (40, 'Violon', 11);
INSERT INTO soucateg (soucat_id, soucat_nom, cat_id)
VALUES (41, 'Violoncelle', 11), (42, 'Contrebasse', 11), (43, 'Accordeur / Metronome / Pupitre', 12), (44, 'Alimentation & Stockage', 12), (45, 'Cablerie', 12), (46, 'Outillage', 12);

/* table fournisseurs */
INSERT INTO `fournisseurs` (`fou_nom`,`fou_adresse`,`fou_tel`,`fou_contact`,`fou_mail`,`fou_pays`,`fou_ville`) VALUES ("Morbi Metus Foundation","179-5582 Dolor, St.","05 99 80 43 51","Victor Roche","convallis.dolor@urnaNunc.co.uk","Western Sahara","Yegoryevsk"),("Sapien LLP","P.O. Box 752, 4833 Dictum St.","01 38 82 62 41","Titouan Simon","malesuada.fringilla@Morbineque.com","China","Heredia"),("Non PC","575-7444 Nulla. Avenue","06 02 32 58 12","Mélanie Dupuis","dictum.eu@Nullamfeugiat.edu","Albania","Szczecin"),("Metus Vivamus Euismod Ltd","110-5195 Adipiscing Rd.","07 71 39 32 69","Marion Nguyen","blandit@etpede.net","Philippines","Cali"),("Amet Consulting","Ap #954-2224 Vestibulum Av.","05 19 68 06 86","Anthony Huet","orci@arcueuodio.ca","Kiribati","Zoerle-Parwijs"),("Amet Consectetuer Adipiscing Industries","6276 Risus Street","02 75 71 28 10","Katell Charles","euismod.mauris@arcu.co.uk","Heard Island and Mcdonald Islands","Stratford"),("Vitae Nibh Donec Foundation","737-6788 Nulla Road","09 87 46 53 73","Maxime Millet","a@arcuVivamussit.ca","France","Warri"),("Adipiscing Elit Etiam Institute","187-9825 Lectus Ave","09 86 95 30 43","Maéva Dufour","iaculis@cursuspurusNullam.net","Syria","Wambeek"),("Lorem Ipsum Dolor Company","382 Id, Ave","02 10 03 65 08","Louna Lemaire","Cum.sociis@enimdiamvel.co.uk","Azerbaijan","Lampertheim"),("Urna Nec Industries","P.O. Box 562, 4215 Imperdiet Avenue","04 20 29 73 17","Émilie Royer","urna.et.arcu@Donec.ca","Sao Tome and Principe","El Quisco");
INSERT INTO `fournisseurs` (`fou_nom`,`fou_adresse`,`fou_tel`,`fou_contact`,`fou_mail`,`fou_pays`,`fou_ville`) VALUES ("Erat Etiam Institute","P.O. Box 489, 4287 Dictum. Rd.","01 08 44 91 09","Kylian Collin","eu@molestie.com","Guyana","Bielefeld"),("Sapien Incorporated","P.O. Box 680, 1532 Gravida. Av.","02 73 00 22 21","Noah Hubert","erat.Vivamus@Vivamus.org","Azerbaijan","Cache Creek"),("Sed Eget LLC","P.O. Box 255, 5835 Pede, Street","01 81 08 90 97","Roméo Muller","Aliquam.ultrices.iaculis@Aeneanmassa.net","Egypt","Cúcuta"),("Ante Blandit Incorporated","8973 Montes, Road","01 21 61 18 57","Colin Fabre","scelerisque.scelerisque@neceuismod.org","Costa Rica","Anseong"),("Duis Company","Ap #276-8074 Sociis St.","04 93 82 91 08","Florentin Herve","lectus@hendreritneque.org","Belize","Hospet"),("Et Pede Foundation","667-4555 Nam Ave","04 46 27 63 47","Jade Dupuis","nec@nisinibh.com","Netherlands","Zelzate"),("Montes Limited","166-4774 Arcu. Rd.","04 57 81 77 84","Lena Pons","at.augue@dignissimtempor.com","Hong Kong","San Pablo"),("Egestas Duis Ac Ltd","Ap #989-6863 Ac St.","09 23 96 06 40","Thibault Riviere","commodo.at.libero@PhasellusnullaInteger.ca","Saudi Arabia","Fauglia"),("Nostra Incorporated","5170 Non Av.","08 20 20 47 14","Cédric Gonzalez","consectetuer.adipiscing@sociisnatoquepenatibus.org","Rwanda","Colloredo di Monte Albano"),("Ipsum Sodales Associates","P.O. Box 143, 1548 Ligula. Av.","06 47 80 30 63","Tom Martin","montes.nascetur.ridiculus@molestiesodales.net","Chile","Brecon")
